[{"@type":"mappingTemplate","id":"@1","name":"Mapping_RESTV2","description":"","bundleVersion":"0","templateId":"@3","hasParameters":false,"valid":true,"fixedConnection":true,"hasParametersDeployed":false,"fixedConnectionDeployed":false,"isSchemaValidationEnabled":false,"tasks":0,"mappingPreviewFileRecordId":"@2","documentType":"MAPPING","references":[{"@type":"reference","refObjectId":"@5P0YEXFV1fBcJXLDuBvKyz","refType":"connection"},{"@type":"reference","refObjectId":"@3Z9wlB0j9E8kM6y2tcrvyS","refType":"connection"}]}]